{
  "v": "5.4.3",
  "fr": 29.9700012207031,
  "ip": 0,
  "op": 70.0000028511585,
  "w": 307,
  "h": 389,
  "nm": "refresh-button",
  "ddd": 0,
  "assets": [],
  "layers": [
    {
      "ddd": 0,
      "ind": 2,
      "ty": 4,
      "nm": "Shape Layer 6",
      "sr": 1,
      "ks": {
        "o": {
          "a": 0,
          "k": 100,
          "ix": 11
        },
        "r": {
          "a": 0,
          "k": -44,
          "ix": 10
        },
        "p": {
          "a": 0,
          "k": [
            154.149,
            195.327,
            0
          ],
          "ix": 2
        },
        "a": {
          "a": 0,
          "k": [
            -2.021,
            -4,
            0
          ],
          "ix": 1
        },
        "s": {
          "a": 0,
          "k": [
            71.946,
            71.946,
            100
          ],
          "ix": 6
        }
      },
      "ao": 0,
      "shapes": [
        {
          "ty": "gr",
          "it": [
            {
              "d": 1,
              "ty": "el",
              "s": {
                "a": 0,
                "k": [
                  217,
                  217
                ],
                "ix": 2
              },
              "p": {
                "a": 0,
                "k": [
                  0,
                  0
                ],
                "ix": 3
              },
              "nm": "Ellipse Path 1",
              "mn": "ADBE Vector Shape - Ellipse",
              "hd": false
            },
            {
              "ty": "st",
              "c": {
                "a": 0,
                "k": [
                  0.8705882352941177,
                  0.6745098039215687,
                  0.2627450980392157,
                  1
                ],
                "ix": 3
              },
              "o": {
                "a": 0,
                "k": 100,
                "ix": 4
              },
              "w": {
                "a": 0,
                "k": 10,
                "ix": 5
              },
              "lc": 2,
              "lj": 1,
              "ml": 4,
              "ml2": {
                "a": 0,
                "k": 4,
                "ix": 8
              },
              "bm": 0,
              "d": [
                {
                  "n": "d",
                  "nm": "dash",
                  "v": {
                    "a": 0,
                    "k": 33,
                    "ix": 1
                  }
                },
                {
                  "n": "o",
                  "nm": "offset",
                  "v": {
                    "a": 0,
                    "k": 0,
                    "ix": 7
                  }
                }
              ],
              "nm": "Stroke 1",
              "mn": "ADBE Vector Graphic - Stroke",
              "hd": false
            },
            {
              "ty": "tr",
              "p": {
                "a": 0,
                "k": [
                  -1.5,
                  -4
                ],
                "ix": 2
              },
              "a": {
                "a": 0,
                "k": [
                  0,
                  0
                ],
                "ix": 1
              },
              "s": {
                "a": 0,
                "k": [
                  100,
                  100
                ],
                "ix": 3
              },
              "r": {
                "a": 0,
                "k": 0,
                "ix": 6
              },
              "o": {
                "a": 0,
                "k": 100,
                "ix": 7
              },
              "sk": {
                "a": 0,
                "k": 0,
                "ix": 4
              },
              "sa": {
                "a": 0,
                "k": 0,
                "ix": 5
              },
              "nm": "Transform"
            }
          ],
          "nm": "Ellipse 1",
          "np": 3,
          "cix": 2,
          "bm": 0,
          "ix": 1,
          "mn": "ADBE Vector Group",
          "hd": false
        },
        {
          "ty": "tm",
          "s": {
            "a": 1,
            "k": [
              {
                "i": {
                  "x": [
                    0.667
                  ],
                  "y": [
                    1
                  ]
                },
                "o": {
                  "x": [
                    0.625
                  ],
                  "y": [
                    0
                  ]
                },
                "n": [
                  "0p667_1_0p625_0"
                ],
                "t": 26,
                "s": [
                  0
                ],
                "e": [
                  100
                ]
              },
              {
                "t": 65.0000026475043
              }
            ],
            "ix": 1
          },
          "e": {
            "a": 1,
            "k": [
              {
                "i": {
                  "x": [
                    0.667
                  ],
                  "y": [
                    1
                  ]
                },
                "o": {
                  "x": [
                    1
                  ],
                  "y": [
                    0
                  ]
                },
                "n": [
                  "0p667_1_1_0"
                ],
                "t": 7,
                "s": [
                  0
                ],
                "e": [
                  100
                ]
              },
              {
                "t": 41.0000016699642
              }
            ],
            "ix": 2
          },
          "o": {
            "a": 1,
            "k": [
              {
                "i": {
                  "x": [
                    0.833
                  ],
                  "y": [
                    0.833
                  ]
                },
                "o": {
                  "x": [
                    0.167
                  ],
                  "y": [
                    0.167
                  ]
                },
                "n": [
                  "0p833_0p833_0p167_0p167"
                ],
                "t": 0,
                "s": [
                  -179
                ],
                "e": [
                  181
                ]
              },
              {
                "t": 65.0000026475043
              }
            ],
            "ix": 3
          },
          "m": 1,
          "ix": 2,
          "nm": "Trim Paths 1",
          "mn": "ADBE Vector Filter - Trim",
          "hd": false
        }
      ],
      "ip": 0,
      "op": 70.0000028511585,
      "st": 0,
      "bm": 0
    },
    {
      "ddd": 0,
      "ind": 3,
      "ty": 4,
      "nm": "Shape Layer 3",
      "sr": 1,
      "ks": {
        "o": {
          "a": 0,
          "k": 100,
          "ix": 11
        },
        "r": {
          "a": 0,
          "k": -44,
          "ix": 10
        },
        "p": {
          "a": 0,
          "k": [
            154.149,
            195.327,
            0
          ],
          "ix": 2
        },
        "a": {
          "a": 0,
          "k": [
            -2.021,
            -4,
            0
          ],
          "ix": 1
        },
        "s": {
          "a": 0,
          "k": [
            71.946,
            71.946,
            100
          ],
          "ix": 6
        }
      },
      "ao": 0,
      "shapes": [
        {
          "ty": "gr",
          "it": [
            {
              "d": 1,
              "ty": "el",
              "s": {
                "a": 0,
                "k": [
                  217,
                  217
                ],
                "ix": 2
              },
              "p": {
                "a": 0,
                "k": [
                  0,
                  0
                ],
                "ix": 3
              },
              "nm": "Ellipse Path 1",
              "mn": "ADBE Vector Shape - Ellipse",
              "hd": false
            },
            {
              "ty": "st",
              "c": {
                "a": 0,
                "k": [
                  0.8705882352941177,
                  0.6745098039215687,
                  0.2627450980392157,
                  1
                ],
                "ix": 3
              },
              "o": {
                "a": 0,
                "k": 100,
                "ix": 4
              },
              "w": {
                "a": 0,
                "k": 10,
                "ix": 5
              },
              "lc": 2,
              "lj": 1,
              "ml": 4,
              "ml2": {
                "a": 0,
                "k": 4,
                "ix": 8
              },
              "bm": 0,
              "d": [
                {
                  "n": "d",
                  "nm": "dash",
                  "v": {
                    "a": 0,
                    "k": 33,
                    "ix": 1
                  }
                },
                {
                  "n": "o",
                  "nm": "offset",
                  "v": {
                    "a": 0,
                    "k": 0,
                    "ix": 7
                  }
                }
              ],
              "nm": "Stroke 1",
              "mn": "ADBE Vector Graphic - Stroke",
              "hd": false
            },
            {
              "ty": "tr",
              "p": {
                "a": 0,
                "k": [
                  -1.5,
                  -4
                ],
                "ix": 2
              },
              "a": {
                "a": 0,
                "k": [
                  0,
                  0
                ],
                "ix": 1
              },
              "s": {
                "a": 0,
                "k": [
                  100,
                  100
                ],
                "ix": 3
              },
              "r": {
                "a": 0,
                "k": 0,
                "ix": 6
              },
              "o": {
                "a": 0,
                "k": 100,
                "ix": 7
              },
              "sk": {
                "a": 0,
                "k": 0,
                "ix": 4
              },
              "sa": {
                "a": 0,
                "k": 0,
                "ix": 5
              },
              "nm": "Transform"
            }
          ],
          "nm": "Ellipse 1",
          "np": 3,
          "cix": 2,
          "bm": 0,
          "ix": 1,
          "mn": "ADBE Vector Group",
          "hd": false
        },
        {
          "ty": "tm",
          "s": {
            "a": 1,
            "k": [
              {
                "i": {
                  "x": [
                    0.667
                  ],
                  "y": [
                    1
                  ]
                },
                "o": {
                  "x": [
                    0.625
                  ],
                  "y": [
                    0
                  ]
                },
                "n": [
                  "0p667_1_0p625_0"
                ],
                "t": 26,
                "s": [
                  0
                ],
                "e": [
                  100
                ]
              },
              {
                "t": 65.0000026475043
              }
            ],
            "ix": 1
          },
          "e": {
            "a": 1,
            "k": [
              {
                "i": {
                  "x": [
                    0.667
                  ],
                  "y": [
                    1
                  ]
                },
                "o": {
                  "x": [
                    1
                  ],
                  "y": [
                    0
                  ]
                },
                "n": [
                  "0p667_1_1_0"
                ],
                "t": 0,
                "s": [
                  0
                ],
                "e": [
                  100
                ]
              },
              {
                "t": 41.0000016699642
              }
            ],
            "ix": 2
          },
          "o": {
            "a": 1,
            "k": [
              {
                "i": {
                  "x": [
                    0.833
                  ],
                  "y": [
                    0.833
                  ]
                },
                "o": {
                  "x": [
                    0.167
                  ],
                  "y": [
                    0.167
                  ]
                },
                "n": [
                  "0p833_0p833_0p167_0p167"
                ],
                "t": 0,
                "s": [
                  -224
                ],
                "e": [
                  136
                ]
              },
              {
                "t": 65.0000026475043
              }
            ],
            "ix": 3
          },
          "m": 1,
          "ix": 2,
          "nm": "Trim Paths 1",
          "mn": "ADBE Vector Filter - Trim",
          "hd": false
        }
      ],
      "ip": 0,
      "op": 70.0000028511585,
      "st": 0,
      "bm": 0
    },
    {
      "ddd": 0,
      "ind": 4,
      "ty": 4,
      "nm": "Shape Layer 4",
      "sr": 1,
      "ks": {
        "o": {
          "a": 0,
          "k": 100,
          "ix": 11
        },
        "r": {
          "a": 0,
          "k": -44,
          "ix": 10
        },
        "p": {
          "a": 0,
          "k": [
            154.149,
            195.327,
            0
          ],
          "ix": 2
        },
        "a": {
          "a": 0,
          "k": [
            -2.021,
            -4,
            0
          ],
          "ix": 1
        },
        "s": {
          "a": 0,
          "k": [
            46.072,
            46.072,
            100
          ],
          "ix": 6
        }
      },
      "ao": 0,
      "shapes": [
        {
          "ty": "gr",
          "it": [
            {
              "d": 1,
              "ty": "el",
              "s": {
                "a": 0,
                "k": [
                  217,
                  217
                ],
                "ix": 2
              },
              "p": {
                "a": 0,
                "k": [
                  0,
                  0
                ],
                "ix": 3
              },
              "nm": "Ellipse Path 1",
              "mn": "ADBE Vector Shape - Ellipse",
              "hd": false
            },
            {
              "ty": "st",
              "c": {
                "a": 0,
                "k": [
                  0.8705882352941177,
                  0.6745098039215687,
                  0.2627450980392157,
                  1
                ],
                "ix": 3
              },
              "o": {
                "a": 0,
                "k": 100,
                "ix": 4
              },
              "w": {
                "a": 0,
                "k": 10,
                "ix": 5
              },
              "lc": 2,
              "lj": 1,
              "ml": 4,
              "ml2": {
                "a": 0,
                "k": 4,
                "ix": 8
              },
              "bm": 0,
              "nm": "Stroke 1",
              "mn": "ADBE Vector Graphic - Stroke",
              "hd": false
            },
            {
              "ty": "tr",
              "p": {
                "a": 0,
                "k": [
                  -1.5,
                  -4
                ],
                "ix": 2
              },
              "a": {
                "a": 0,
                "k": [
                  0,
                  0
                ],
                "ix": 1
              },
              "s": {
                "a": 0,
                "k": [
                  100,
                  100
                ],
                "ix": 3
              },
              "r": {
                "a": 0,
                "k": 0,
                "ix": 6
              },
              "o": {
                "a": 0,
                "k": 100,
                "ix": 7
              },
              "sk": {
                "a": 0,
                "k": 0,
                "ix": 4
              },
              "sa": {
                "a": 0,
                "k": 0,
                "ix": 5
              },
              "nm": "Transform"
            }
          ],
          "nm": "Ellipse 1",
          "np": 3,
          "cix": 2,
          "bm": 0,
          "ix": 1,
          "mn": "ADBE Vector Group",
          "hd": false
        },
        {
          "ty": "tm",
          "s": {
            "a": 1,
            "k": [
              {
                "i": {
                  "x": [
                    0.667
                  ],
                  "y": [
                    1
                  ]
                },
                "o": {
                  "x": [
                    1
                  ],
                  "y": [
                    0
                  ]
                },
                "n": [
                  "0p667_1_1_0"
                ],
                "t": 0,
                "s": [
                  100
                ],
                "e": [
                  0
                ]
              },
              {
                "t": 38.0000015477717
              }
            ],
            "ix": 1
          },
          "e": {
            "a": 1,
            "k": [
              {
                "i": {
                  "x": [
                    0.667
                  ],
                  "y": [
                    1
                  ]
                },
                "o": {
                  "x": [
                    0.733
                  ],
                  "y": [
                    0.015
                  ]
                },
                "n": [
                  "0p667_1_0p733_0p015"
                ],
                "t": 19,
                "s": [
                  100
                ],
                "e": [
                  0
                ]
              },
              {
                "t": 60.0000024438501
              }
            ],
            "ix": 2
          },
          "o": {
            "a": 1,
            "k": [
              {
                "i": {
                  "x": [
                    0.833
                  ],
                  "y": [
                    0.833
                  ]
                },
                "o": {
                  "x": [
                    0.167
                  ],
                  "y": [
                    0.167
                  ]
                },
                "n": [
                  "0p833_0p833_0p167_0p167"
                ],
                "t": 0,
                "s": [
                  -319
                ],
                "e": [
                  -679
                ]
              },
              {
                "t": 65.0000026475043
              }
            ],
            "ix": 3
          },
          "m": 1,
          "ix": 2,
          "nm": "Trim Paths 1",
          "mn": "ADBE Vector Filter - Trim",
          "hd": false
        }
      ],
      "ip": 0,
      "op": 70.0000028511585,
      "st": 0,
      "bm": 0
    },
    {
      "ddd": 0,
      "ind": 5,
      "ty": 4,
      "nm": "Shape Layer 2",
      "sr": 1,
      "ks": {
        "o": {
          "a": 0,
          "k": 100,
          "ix": 11
        },
        "r": {
          "a": 0,
          "k": -44,
          "ix": 10
        },
        "p": {
          "a": 0,
          "k": [
            154.149,
            195.327,
            0
          ],
          "ix": 2
        },
        "a": {
          "a": 0,
          "k": [
            -2.021,
            -4,
            0
          ],
          "ix": 1
        },
        "s": {
          "a": 0,
          "k": [
            46.072,
            46.072,
            100
          ],
          "ix": 6
        }
      },
      "ao": 0,
      "shapes": [
        {
          "ty": "gr",
          "it": [
            {
              "d": 1,
              "ty": "el",
              "s": {
                "a": 0,
                "k": [
                  217,
                  217
                ],
                "ix": 2
              },
              "p": {
                "a": 0,
                "k": [
                  0,
                  0
                ],
                "ix": 3
              },
              "nm": "Ellipse Path 1",
              "mn": "ADBE Vector Shape - Ellipse",
              "hd": false
            },
            {
              "ty": "st",
              "c": {
                "a": 0,
                "k": [
                  0.8705882352941177,
                  0.6745098039215687,
                  0.2627450980392157,
                  1
                ],
                "ix": 3
              },
              "o": {
                "a": 0,
                "k": 100,
                "ix": 4
              },
              "w": {
                "a": 0,
                "k": 10,
                "ix": 5
              },
              "lc": 2,
              "lj": 1,
              "ml": 4,
              "ml2": {
                "a": 0,
                "k": 4,
                "ix": 8
              },
              "bm": 0,
              "nm": "Stroke 1",
              "mn": "ADBE Vector Graphic - Stroke",
              "hd": false
            },
            {
              "ty": "tr",
              "p": {
                "a": 0,
                "k": [
                  -1.5,
                  -4
                ],
                "ix": 2
              },
              "a": {
                "a": 0,
                "k": [
                  0,
                  0
                ],
                "ix": 1
              },
              "s": {
                "a": 0,
                "k": [
                  100,
                  100
                ],
                "ix": 3
              },
              "r": {
                "a": 0,
                "k": 0,
                "ix": 6
              },
              "o": {
                "a": 0,
                "k": 100,
                "ix": 7
              },
              "sk": {
                "a": 0,
                "k": 0,
                "ix": 4
              },
              "sa": {
                "a": 0,
                "k": 0,
                "ix": 5
              },
              "nm": "Transform"
            }
          ],
          "nm": "Ellipse 1",
          "np": 3,
          "cix": 2,
          "bm": 0,
          "ix": 1,
          "mn": "ADBE Vector Group",
          "hd": false
        },
        {
          "ty": "tm",
          "s": {
            "a": 1,
            "k": [
              {
                "i": {
                  "x": [
                    0.667
                  ],
                  "y": [
                    1
                  ]
                },
                "o": {
                  "x": [
                    1
                  ],
                  "y": [
                    0
                  ]
                },
                "n": [
                  "0p667_1_1_0"
                ],
                "t": 0,
                "s": [
                  100
                ],
                "e": [
                  0
                ]
              },
              {
                "t": 38.0000015477717
              }
            ],
            "ix": 1
          },
          "e": {
            "a": 1,
            "k": [
              {
                "i": {
                  "x": [
                    0.667
                  ],
                  "y": [
                    1
                  ]
                },
                "o": {
                  "x": [
                    0.733
                  ],
                  "y": [
                    0.015
                  ]
                },
                "n": [
                  "0p667_1_0p733_0p015"
                ],
                "t": 19,
                "s": [
                  100
                ],
                "e": [
                  0
                ]
              },
              {
                "t": 60.0000024438501
              }
            ],
            "ix": 2
          },
          "o": {
            "a": 1,
            "k": [
              {
                "i": {
                  "x": [
                    0.833
                  ],
                  "y": [
                    0.833
                  ]
                },
                "o": {
                  "x": [
                    0.167
                  ],
                  "y": [
                    0.167
                  ]
                },
                "n": [
                  "0p833_0p833_0p167_0p167"
                ],
                "t": 0,
                "s": [
                  -224
                ],
                "e": [
                  -584
                ]
              },
              {
                "t": 65.0000026475043
              }
            ],
            "ix": 3
          },
          "m": 1,
          "ix": 2,
          "nm": "Trim Paths 1",
          "mn": "ADBE Vector Filter - Trim",
          "hd": false
        }
      ],
      "ip": 0,
      "op": 70.0000028511585,
      "st": 0,
      "bm": 0
    },
    {
      "ddd": 0,
      "ind": 6,
      "ty": 4,
      "nm": "Shape Layer 5",
      "sr": 1,
      "ks": {
        "o": {
          "a": 0,
          "k": 100,
          "ix": 11
        },
        "r": {
          "a": 1,
          "k": [
            {
              "i": {
                "x": [
                  0.833
                ],
                "y": [
                  0.833
                ]
              },
              "o": {
                "x": [
                  0.167
                ],
                "y": [
                  0.167
                ]
              },
              "n": [
                "0p833_0p833_0p167_0p167"
              ],
              "t": 0,
              "s": [
                4.436
              ],
              "e": [
                -355.564
              ]
            },
            {
              "t": 69.0000028104276
            }
          ],
          "ix": 10
        },
        "p": {
          "a": 0,
          "k": [
            155,
            194,
            0
          ],
          "ix": 2
        },
        "a": {
          "a": 0,
          "k": [
            -1.5,
            -4,
            0
          ],
          "ix": 1
        },
        "s": {
          "a": 0,
          "k": [
            100,
            100,
            100
          ],
          "ix": 6
        }
      },
      "ao": 0,
      "shapes": [
        {
          "ty": "gr",
          "it": [
            {
              "d": 1,
              "ty": "el",
              "s": {
                "a": 0,
                "k": [
                  217,
                  217
                ],
                "ix": 2
              },
              "p": {
                "a": 0,
                "k": [
                  0,
                  0
                ],
                "ix": 3
              },
              "nm": "Ellipse Path 1",
              "mn": "ADBE Vector Shape - Ellipse",
              "hd": false
            },
            {
              "ty": "st",
              "c": {
                "a": 0,
                "k": [
                  0.8705882352941177,
                  0.6745098039215687,
                  0.2627450980392157,
                  1
                ],
                "ix": 3
              },
              "o": {
                "a": 0,
                "k": 100,
                "ix": 4
              },
              "w": {
                "a": 0,
                "k": 5,
                "ix": 5
              },
              "lc": 1,
              "lj": 1,
              "ml": 4,
              "ml2": {
                "a": 0,
                "k": 4,
                "ix": 8
              },
              "bm": 0,
              "nm": "Stroke 1",
              "mn": "ADBE Vector Graphic - Stroke",
              "hd": false
            },
            {
              "ty": "tr",
              "p": {
                "a": 0,
                "k": [
                  -1.5,
                  -4
                ],
                "ix": 2
              },
              "a": {
                "a": 0,
                "k": [
                  0,
                  0
                ],
                "ix": 1
              },
              "s": {
                "a": 0,
                "k": [
                  100,
                  100
                ],
                "ix": 3
              },
              "r": {
                "a": 0,
                "k": 0,
                "ix": 6
              },
              "o": {
                "a": 0,
                "k": 100,
                "ix": 7
              },
              "sk": {
                "a": 0,
                "k": 0,
                "ix": 4
              },
              "sa": {
                "a": 0,
                "k": 0,
                "ix": 5
              },
              "nm": "Transform"
            }
          ],
          "nm": "Ellipse 1",
          "np": 3,
          "cix": 2,
          "bm": 0,
          "ix": 1,
          "mn": "ADBE Vector Group",
          "hd": false
        },
        {
          "ty": "tm",
          "s": {
            "a": 0,
            "k": 0,
            "ix": 1
          },
          "e": {
            "a": 0,
            "k": 85,
            "ix": 2
          },
          "o": {
            "a": 0,
            "k": 0,
            "ix": 3
          },
          "m": 1,
          "ix": 2,
          "nm": "Trim Paths 1",
          "mn": "ADBE Vector Filter - Trim",
          "hd": false
        }
      ],
      "ip": 0,
      "op": 70.0000028511585,
      "st": 0,
      "bm": 0
    },
    {
      "ddd": 0,
      "ind": 7,
      "ty": 4,
      "nm": "Shape Layer 1",
      "sr": 1,
      "ks": {
        "o": {
          "a": 0,
          "k": 100,
          "ix": 11
        },
        "r": {
          "a": 1,
          "k": [
            {
              "i": {
                "x": [
                  0.833
                ],
                "y": [
                  0.833
                ]
              },
              "o": {
                "x": [
                  0.167
                ],
                "y": [
                  0.167
                ]
              },
              "n": [
                "0p833_0p833_0p167_0p167"
              ],
              "t": 0,
              "s": [
                4.436
              ],
              "e": [
                -355.564
              ]
            },
            {
              "t": 69.0000028104276
            }
          ],
          "ix": 10
        },
        "p": {
          "a": 0,
          "k": [
            155,
            194,
            0
          ],
          "ix": 2
        },
        "a": {
          "a": 0,
          "k": [
            -1.5,
            -4,
            0
          ],
          "ix": 1
        },
        "s": {
          "a": 0,
          "k": [
            100,
            100,
            100
          ],
          "ix": 6
        }
      },
      "ao": 0,
      "shapes": [
        {
          "ty": "gr",
          "it": [
            {
              "d": 1,
              "ty": "el",
              "s": {
                "a": 0,
                "k": [
                  217,
                  217
                ],
                "ix": 2
              },
              "p": {
                "a": 0,
                "k": [
                  0,
                  0
                ],
                "ix": 3
              },
              "nm": "Ellipse Path 1",
              "mn": "ADBE Vector Shape - Ellipse",
              "hd": false
            },
            {
              "ty": "st",
              "c": {
                "a": 0,
                "k": [
                  0,
                  0.462745098039,
                  0.359274142396,
                  1
                ],
                "ix": 3
              },
              "o": {
                "a": 0,
                "k": 100,
                "ix": 4
              },
              "w": {
                "a": 0,
                "k": 5,
                "ix": 5
              },
              "lc": 1,
              "lj": 1,
              "ml": 4,
              "ml2": {
                "a": 0,
                "k": 4,
                "ix": 8
              },
              "bm": 0,
              "nm": "Stroke 1",
              "mn": "ADBE Vector Graphic - Stroke",
              "hd": false
            },
            {
              "ty": "tr",
              "p": {
                "a": 0,
                "k": [
                  -1.5,
                  -4
                ],
                "ix": 2
              },
              "a": {
                "a": 0,
                "k": [
                  0,
                  0
                ],
                "ix": 1
              },
              "s": {
                "a": 0,
                "k": [
                  100,
                  100
                ],
                "ix": 3
              },
              "r": {
                "a": 0,
                "k": 0,
                "ix": 6
              },
              "o": {
                "a": 0,
                "k": 100,
                "ix": 7
              },
              "sk": {
                "a": 0,
                "k": 0,
                "ix": 4
              },
              "sa": {
                "a": 0,
                "k": 0,
                "ix": 5
              },
              "nm": "Transform"
            }
          ],
          "nm": "Ellipse 1",
          "np": 3,
          "cix": 2,
          "bm": 0,
          "ix": 1,
          "mn": "ADBE Vector Group",
          "hd": false
        },
        {
          "ty": "tm",
          "s": {
            "a": 0,
            "k": 0,
            "ix": 1
          },
          "e": {
            "a": 0,
            "k": 85,
            "ix": 2
          },
          "o": {
            "a": 0,
            "k": 0,
            "ix": 3
          },
          "m": 1,
          "ix": 2,
          "nm": "Trim Paths 1",
          "mn": "ADBE Vector Filter - Trim",
          "hd": false
        }
      ],
      "ip": 0,
      "op": 70.0000028511585,
      "st": 0,
      "bm": 0
    },
    {
      "ddd": 0,
      "ind": 8,
      "ty": 4,
      "nm": "refresh-button Outlines",
      "parent": 7,
      "sr": 1,
      "ks": {
        "o": {
          "a": 0,
          "k": 100,
          "ix": 11
        },
        "r": {
          "a": 0,
          "k": 85.093,
          "ix": 10
        },
        "p": {
          "a": 0,
          "k": [
            -6.619,
            -112.041,
            0
          ],
          "ix": 2
        },
        "a": {
          "a": 0,
          "k": [
            188.881,
            115.959,
            0
          ],
          "ix": 1
        },
        "s": {
          "a": 0,
          "k": [
            58.516,
            58.516,
            100
          ],
          "ix": 6
        }
      },
      "ao": 0,
      "shapes": [
        {
          "ty": "gr",
          "it": [
            {
              "ind": 0,
              "ty": "sh",
              "ix": 1,
              "ks": {
                "a": 0,
                "k": {
                  "i": [
                    [
                      0,
                      0
                    ],
                    [
                      1.875,
                      -1.875
                    ],
                    [
                      -1.875,
                      -1.875
                    ],
                    [
                      0,
                      0
                    ],
                    [
                      -1.274,
                      0
                    ],
                    [
                      -0.898,
                      0.903
                    ],
                    [
                      0,
                      0
                    ],
                    [
                      1.875,
                      1.875
                    ],
                    [
                      1.875,
                      -1.875
                    ],
                    [
                      0,
                      0
                    ]
                  ],
                  "o": [
                    [
                      -1.875,
                      -1.875
                    ],
                    [
                      -1.875,
                      1.875
                    ],
                    [
                      0,
                      0
                    ],
                    [
                      0.899,
                      0.903
                    ],
                    [
                      1.277,
                      0
                    ],
                    [
                      0,
                      0
                    ],
                    [
                      1.875,
                      -1.875
                    ],
                    [
                      -1.875,
                      -1.875
                    ],
                    [
                      0,
                      0
                    ],
                    [
                      0,
                      0
                    ]
                  ],
                  "v": [
                    [
                      -14.662,
                      -12.188
                    ],
                    [
                      -21.451,
                      -12.188
                    ],
                    [
                      -21.451,
                      -5.398
                    ],
                    [
                      -3.393,
                      12.656
                    ],
                    [
                      -0.002,
                      14.063
                    ],
                    [
                      3.392,
                      12.656
                    ],
                    [
                      21.451,
                      -5.398
                    ],
                    [
                      21.451,
                      -12.188
                    ],
                    [
                      14.662,
                      -12.188
                    ],
                    [
                      -0.002,
                      2.473
                    ]
                  ],
                  "c": true
                },
                "ix": 2
              },
              "nm": "Path 1",
              "mn": "ADBE Vector Shape - Group",
              "hd": false
            },
            {
              "ind": 1,
              "ty": "sh",
              "ix": 2,
              "ks": {
                "a": 0,
                "k": {
                  "i": [
                    [
                      0,
                      0
                    ]
                  ],
                  "o": [
                    [
                      0,
                      0
                    ]
                  ],
                  "v": [
                    [
                      -14.662,
                      -12.188
                    ]
                  ],
                  "c": false
                },
                "ix": 2
              },
              "nm": "Path 2",
              "mn": "ADBE Vector Shape - Group",
              "hd": false
            },
            {
              "ty": "mm",
              "mm": 1,
              "nm": "Merge Paths 1",
              "mn": "ADBE Vector Filter - Merge",
              "hd": false
            },
            {
              "ty": "fl",
              "c": {
                "a": 0,
                "k": [
                  0.8705882352941177,
                  0.6745098039215687,
                  0.2627450980392157,
                  1
                ],
                "ix": 4
              },
              "o": {
                "a": 0,
                "k": 100,
                "ix": 5
              },
              "r": 1,
              "bm": 0,
              "nm": "Fill 1",
              "mn": "ADBE Vector Graphic - Fill",
              "hd": false
            },
            {
              "ty": "tr",
              "p": {
                "a": 0,
                "k": [
                  188.943,
                  118.162
                ],
                "ix": 2
              },
              "a": {
                "a": 0,
                "k": [
                  0.062,
                  2.438
                ],
                "ix": 1
              },
              "s": {
                "a": 0,
                "k": [
                  100,
                  100
                ],
                "ix": 3
              },
              "r": {
                "a": 0,
                "k": 0,
                "ix": 6
              },
              "o": {
                "a": 0,
                "k": 100,
                "ix": 7
              },
              "sk": {
                "a": 0,
                "k": 0,
                "ix": 4
              },
              "sa": {
                "a": 0,
                "k": 0,
                "ix": 5
              },
              "nm": "Transform"
            }
          ],
          "nm": "Group 1",
          "np": 4,
          "cix": 2,
          "bm": 0,
          "ix": 1,
          "mn": "ADBE Vector Group",
          "hd": false
        }
      ],
      "ip": 0,
      "op": 70.0000028511585,
      "st": 0,
      "bm": 0
    }
  ],
  "markers": []
}